{
  "countries": [
    {
      "code": "AF",
      "name": "Afghanistan",
      "currency": "AFN",
      "population": "29121286",
      "capital": "Kabul",
      "continent": "Asia"
    },
    {
      "code": "AL",
      "name": "Albania",
      "currency": "ALL",
      "population": "2986952",
      "capital": "Tirana",
      "continent": "Europe"
    },
    {
      "code": "DZ",
      "name": "Algeria",
      "currency": "DZD",
      "population": "34586184",
      "capital": "Algiers",
      "continent": "Africa"
    },
    {
      "code": "AS",
      "name": "American Samoa",
      "currency": "USD",
      "population": "57881",
      "capital": "Pago Pago",
      "continent": "Oceania"
    },
    {
      "code": "AD",
      "name": "Andorra",
      "currency": "EUR",
      "population": "84000",
      "capital": "Andorra la Vella",
      "continent": "Europe"
    },
    {
      "code": "AO",
      "name": "Angola",
      "currency": "AOA",
      "population": "13068161",
      "capital": "Luanda",
      "continent": "Africa"
    },
    {
      "code": "AI",
      "name": "Anguilla",
      "currency": "XCD",
      "population": "13254",
      "capital": "The Valley",
      "continent": "North America"
    },
    {
      "code": "AQ",
      "name": "Antarctica",
      "currency": "",
      "population": "0",
      "capital": "",
      "continent": "Antarctica"
    },
    {
      "code": "AG",
      "name": "Antigua and Barbuda",
      "currency": "XCD",
      "population": "86754",
      "capital": "St. John's",
      "continent": "North America"
    },
    {
      "code": "AR",
      "name": "Argentina",
      "currency": "ARS",
      "population": "41343201",
      "capital": "Buenos Aires",
      "continent": "South America"
    },
    {
      "code": "AM",
      "name": "Armenia",
      "currency": "AMD",
      "population": "2968000",
      "capital": "Yerevan",
      "continent": "Asia"
    },
    {
      "code": "AW",
      "name": "Aruba",
      "currency": "AWG",
      "population": "71566",
      "capital": "Oranjestad",
      "continent": "North America"
    },
    {
      "code": "AU",
      "name": "Australia",
      "currency": "AUD",
      "population": "21515754",
      "capital": "Canberra",
      "continent": "Oceania"
    },
    {
      "code": "AT",
      "name": "Austria",
      "currency": "EUR",
      "population": "8205000",
      "capital": "Vienna",
      "continent": "Europe"
    },
    {
      "code": "AZ",
      "name": "Azerbaijan",
      "currency": "AZN",
      "population": "8303512",
      "capital": "Baku",
      "continent": "Asia"
    },
    {
      "code": "BS",
      "name": "Bahamas",
      "currency": "BSD",
      "population": "301790",
      "capital": "Nassau",
      "continent": "North America"
    },
    {
      "code": "BH",
      "name": "Bahrain",
      "currency": "BHD",
      "population": "738004",
      "capital": "Manama",
      "continent": "Asia"
    },
    {
      "code": "BD",
      "name": "Bangladesh",
      "currency": "BDT",
      "population": "156118464",
      "capital": "Dhaka",
      "continent": "Asia"
    },
    {
      "code": "BB",
      "name": "Barbados",
      "currency": "BBD",
      "population": "285653",
      "capital": "Bridgetown",
      "continent": "North America"
    },
    {
      "code": "BY",
      "name": "Belarus",
      "currency": "BYR",
      "population": "9685000",
      "capital": "Minsk",
      "continent": "Europe"
    },
    {
      "code": "BE",
      "name": "Belgium",
      "currency": "EUR",
      "population": "10403000",
      "capital": "Brussels",
      "continent": "Europe"
    },
    {
      "code": "BZ",
      "name": "Belize",
      "currency": "BZD",
      "population": "314522",
      "capital": "Belmopan",
      "continent": "North America"
    },
    {
      "code": "BJ",
      "name": "Benin",
      "currency": "XOF",
      "population": "9056010",
      "capital": "Porto-Novo",
      "continent": "Africa"
    },
    {
      "code": "BM",
      "name": "Bermuda",
      "currency": "BMD",
      "population": "65365",
      "capital": "Hamilton",
      "continent": "North America"
    },
    {
      "code": "BT",
      "name": "Bhutan",
      "currency": "BTN",
      "population": "699847",
      "capital": "Thimphu",
      "continent": "Asia"
    },
    {
      "code": "BO",
      "name": "Bolivia",
      "currency": "BOB",
      "population": "9947418",
      "capital": "Sucre",
      "continent": "South America"
    },
    {
      "code": "BQ",
      "name": "Bonaire",
      "currency": "USD",
      "population": "18012",
      "capital": "Kralendijk",
      "continent": "North America"
    },
    {
      "code": "BA",
      "name": "Bosnia and Herzegovina",
      "currency": "BAM",
      "population": "4590000",
      "capital": "Sarajevo",
      "continent": "Europe"
    },
    {
      "code": "BW",
      "name": "Botswana",
      "currency": "BWP",
      "population": "2029307",
      "capital": "Gaborone",
      "continent": "Africa"
    },
    {
      "code": "BV",
      "name": "Bouvet Island",
      "currency": "NOK",
      "population": "0",
      "capital": "",
      "continent": "Antarctica"
    },
    {
      "code": "BR",
      "name": "Brazil",
      "currency": "BRL",
      "population": "201103330",
      "capital": "Brasília",
      "continent": "South America"
    },
    {
      "code": "IO",
      "name": "British Indian Ocean Territory",
      "currency": "USD",
      "population": "4000",
      "capital": "",
      "continent": "Asia"
    },
    {
      "code": "VG",
      "name": "British Virgin Islands",
      "currency": "USD",
      "population": "21730",
      "capital": "Road Town",
      "continent": "North America"
    },
    {
      "code": "BN",
      "name": "Brunei",
      "currency": "BND",
      "population": "395027",
      "capital": "Bandar Seri Begawan",
      "continent": "Asia"
    },
    {
      "code": "BG",
      "name": "Bulgaria",
      "currency": "BGN",
      "population": "7148785",
      "capital": "Sofia",
      "continent": "Europe"
    },
    {
      "code": "BF",
      "name": "Burkina Faso",
      "currency": "XOF",
      "population": "16241811",
      "capital": "Ouagadougou",
      "continent": "Africa"
    },
    {
      "code": "BI",
      "name": "Burundi",
      "currency": "BIF",
      "population": "9863117",
      "capital": "Bujumbura",
      "continent": "Africa"
    },
    {
      "code": "KH",
      "name": "Cambodia",
      "currency": "KHR",
      "population": "14453680",
      "capital": "Phnom Penh",
      "continent": "Asia"
    },
    {
      "code": "CM",
      "name": "Cameroon",
      "currency": "XAF",
      "population": "19294149",
      "capital": "Yaoundé",
      "continent": "Africa"
    },
    {
      "code": "CA",
      "name": "Canada",
      "currency": "CAD",
      "population": "33679000",
      "capital": "Ottawa",
      "continent": "North America"
    },
    {
      "code": "CV",
      "name": "Cape Verde",
      "currency": "CVE",
      "population": "508659",
      "capital": "Praia",
      "continent": "Africa"
    },
    {
      "code": "KY",
      "name": "Cayman Islands",
      "currency": "KYD",
      "population": "44270",
      "capital": "George Town",
      "continent": "North America"
    },
    {
      "code": "CF",
      "name": "Central African Republic",
      "currency": "XAF",
      "population": "4844927",
      "capital": "Bangui",
      "continent": "Africa"
    },
    {
      "code": "TD",
      "name": "Chad",
      "currency": "XAF",
      "population": "10543464",
      "capital": "N'Djamena",
      "continent": "Africa"
    },
    {
      "code": "CL",
      "name": "Chile",
      "currency": "CLP",
      "population": "16746491",
      "capital": "Santiago",
      "continent": "South America"
    },
    {
      "code": "CN",
      "name": "China",
      "currency": "CNY",
      "population": "1330044000",
      "capital": "Beijing",
      "continent": "Asia"
    },
    {
      "code": "CX",
      "name": "Christmas Island",
      "currency": "AUD",
      "population": "1500",
      "capital": "Flying Fish Cove",
      "continent": "Asia"
    },
    {
      "code": "CC",
      "name": "Cocos [Keeling] Islands",
      "currency": "AUD",
      "population": "628",
      "capital": "West Island",
      "continent": "Asia"
    },
    {
      "code": "CO",
      "name": "Colombia",
      "currency": "COP",
      "population": "47790000",
      "capital": "Bogotá",
      "continent": "South America"
    },
    {
      "code": "KM",
      "name": "Comoros",
      "currency": "KMF",
      "population": "773407",
      "capital": "Moroni",
      "continent": "Africa"
    },
    {
      "code": "CK",
      "name": "Cook Islands",
      "currency": "NZD",
      "population": "21388",
      "capital": "Avarua",
      "continent": "Oceania"
    },
    {
      "code": "CR",
      "name": "Costa Rica",
      "currency": "CRC",
      "population": "4516220",
      "capital": "San José",
      "continent": "North America"
    },
    {
      "code": "HR",
      "name": "Croatia",
      "currency": "HRK",
      "population": "4284889",
      "capital": "Zagreb",
      "continent": "Europe"
    },
    {
      "code": "CU",
      "name": "Cuba",
      "currency": "CUP",
      "population": "11423000",
      "capital": "Havana",
      "continent": "North America"
    },
    {
      "code": "CW",
      "name": "Curacao",
      "currency": "ANG",
      "population": "141766",
      "capital": "Willemstad",
      "continent": "North America"
    },
    {
      "code": "CY",
      "name": "Cyprus",
      "currency": "EUR",
      "population": "1102677",
      "capital": "Nicosia",
      "continent": "Europe"
    },
    {
      "code": "CZ",
      "name": "Czechia",
      "currency": "CZK",
      "population": "10476000",
      "capital": "Prague",
      "continent": "Europe"
    },
    {
      "code": "CD",
      "name": "Democratic Republic of the Congo",
      "currency": "CDF",
      "population": "70916439",
      "capital": "Kinshasa",
      "continent": "Africa"
    },
    {
      "code": "DK",
      "name": "Denmark",
      "currency": "DKK",
      "population": "5484000",
      "capital": "Copenhagen",
      "continent": "Europe"
    },
    {
      "code": "DJ",
      "name": "Djibouti",
      "currency": "DJF",
      "population": "740528",
      "capital": "Djibouti",
      "continent": "Africa"
    },
    {
      "code": "DM",
      "name": "Dominica",
      "currency": "XCD",
      "population": "72813",
      "capital": "Roseau",
      "continent": "North America"
    },
    {
      "code": "DO",
      "name": "Dominican Republic",
      "currency": "DOP",
      "population": "9823821",
      "capital": "Santo Domingo",
      "continent": "North America"
    },
    {
      "code": "TL",
      "name": "East Timor",
      "currency": "USD",
      "population": "1154625",
      "capital": "Dili",
      "continent": "Oceania"
    },
    {
      "code": "EC",
      "name": "Ecuador",
      "currency": "USD",
      "population": "14790608",
      "capital": "Quito",
      "continent": "South America"
    },
    {
      "code": "EG",
      "name": "Egypt",
      "currency": "EGP",
      "population": "80471869",
      "capital": "Cairo",
      "continent": "Africa"
    },
    {
      "code": "SV",
      "name": "El Salvador",
      "currency": "USD",
      "population": "6052064",
      "capital": "San Salvador",
      "continent": "North America"
    },
    {
      "code": "GQ",
      "name": "Equatorial Guinea",
      "currency": "XAF",
      "population": "1014999",
      "capital": "Malabo",
      "continent": "Africa"
    },
    {
      "code": "ER",
      "name": "Eritrea",
      "currency": "ERN",
      "population": "5792984",
      "capital": "Asmara",
      "continent": "Africa"
    },
    {
      "code": "EE",
      "name": "Estonia",
      "currency": "EUR",
      "population": "1291170",
      "capital": "Tallinn",
      "continent": "Europe"
    },
    {
      "code": "ET",
      "name": "Ethiopia",
      "currency": "ETB",
      "population": "88013491",
      "capital": "Addis Ababa",
      "continent": "Africa"
    },
    {
      "code": "FK",
      "name": "Falkland Islands",
      "currency": "FKP",
      "population": "2638",
      "capital": "Stanley",
      "continent": "South America"
    },
    {
      "code": "FO",
      "name": "Faroe Islands",
      "currency": "DKK",
      "population": "48228",
      "capital": "Tórshavn",
      "continent": "Europe"
    },
    {
      "code": "FJ",
      "name": "Fiji",
      "currency": "FJD",
      "population": "875983",
      "capital": "Suva",
      "continent": "Oceania"
    },
    {
      "code": "FI",
      "name": "Finland",
      "currency": "EUR",
      "population": "5244000",
      "capital": "Helsinki",
      "continent": "Europe"
    },
    {
      "code": "FR",
      "name": "France",
      "currency": "EUR",
      "population": "64768389",
      "capital": "Paris",
      "continent": "Europe"
    },
    {
      "code": "GF",
      "name": "French Guiana",
      "currency": "EUR",
      "population": "195506",
      "capital": "Cayenne",
      "continent": "South America"
    },
    {
      "code": "PF",
      "name": "French Polynesia",
      "currency": "XPF",
      "population": "270485",
      "capital": "Papeete",
      "continent": "Oceania"
    },
    {
      "code": "TF",
      "name": "French Southern Territories",
      "currency": "EUR",
      "population": "140",
      "capital": "Port-aux-Français",
      "continent": "Antarctica"
    },
    {
      "code": "GA",
      "name": "Gabon",
      "currency": "XAF",
      "population": "1545255",
      "capital": "Libreville",
      "continent": "Africa"
    },
    {
      "code": "GM",
      "name": "Gambia",
      "currency": "GMD",
      "population": "1593256",
      "capital": "Bathurst",
      "continent": "Africa"
    },
    {
      "code": "GE",
      "name": "Georgia",
      "currency": "GEL",
      "population": "4630000",
      "capital": "Tbilisi",
      "continent": "Asia"
    },
    {
      "code": "DE",
      "name": "Germany",
      "currency": "EUR",
      "population": "81802257",
      "capital": "Berlin",
      "continent": "Europe"
    },
    {
      "code": "GH",
      "name": "Ghana",
      "currency": "GHS",
      "population": "24339838",
      "capital": "Accra",
      "continent": "Africa"
    },
    {
      "code": "GI",
      "name": "Gibraltar",
      "currency": "GIP",
      "population": "27884",
      "capital": "Gibraltar",
      "continent": "Europe"
    },
    {
      "code": "GR",
      "name": "Greece",
      "currency": "EUR",
      "population": "11000000",
      "capital": "Athens",
      "continent": "Europe"
    },
    {
      "code": "GL",
      "name": "Greenland",
      "currency": "DKK",
      "population": "56375",
      "capital": "Nuuk",
      "continent": "North America"
    },
    {
      "code": "GD",
      "name": "Grenada",
      "currency": "XCD",
      "population": "107818",
      "capital": "St. George's",
      "continent": "North America"
    },
    {
      "code": "GP",
      "name": "Guadeloupe",
      "currency": "EUR",
      "population": "443000",
      "capital": "Basse-Terre",
      "continent": "North America"
    },
    {
      "code": "GU",
      "name": "Guam",
      "currency": "USD",
      "population": "159358",
      "capital": "Hagåtña",
      "continent": "Oceania"
    },
    {
      "code": "GT",
      "name": "Guatemala",
      "currency": "GTQ",
      "population": "13550440",
      "capital": "Guatemala City",
      "continent": "North America"
    },
    {
      "code": "GG",
      "name": "Guernsey",
      "currency": "GBP",
      "population": "65228",
      "capital": "St Peter Port",
      "continent": "Europe"
    },
    {
      "code": "GN",
      "name": "Guinea",
      "currency": "GNF",
      "population": "10324025",
      "capital": "Conakry",
      "continent": "Africa"
    },
    {
      "code": "GW",
      "name": "Guinea-Bissau",
      "currency": "XOF",
      "population": "1565126",
      "capital": "Bissau",
      "continent": "Africa"
    },
    {
      "code": "GY",
      "name": "Guyana",
      "currency": "GYD",
      "population": "748486",
      "capital": "Georgetown",
      "continent": "South America"
    },
    {
      "code": "HT",
      "name": "Haiti",
      "currency": "HTG",
      "population": "9648924",
      "capital": "Port-au-Prince",
      "continent": "North America"
    },
    {
      "code": "HM",
      "name": "Heard Island and McDonald Islands",
      "currency": "AUD",
      "population": "0",
      "capital": "",
      "continent": "Antarctica"
    },
    {
      "code": "HN",
      "name": "Honduras",
      "currency": "HNL",
      "population": "7989415",
      "capital": "Tegucigalpa",
      "continent": "North America"
    },
    {
      "code": "HK",
      "name": "Hong Kong",
      "currency": "HKD",
      "population": "6898686",
      "capital": "Hong Kong",
      "continent": "Asia"
    },
    {
      "code": "HU",
      "name": "Hungary",
      "currency": "HUF",
      "population": "9982000",
      "capital": "Budapest",
      "continent": "Europe"
    },
    {
      "code": "IS",
      "name": "Iceland",
      "currency": "ISK",
      "population": "308910",
      "capital": "Reykjavik",
      "continent": "Europe"
    },
    {
      "code": "IN",
      "name": "India",
      "currency": "INR",
      "population": "1173108018",
      "capital": "New Delhi",
      "continent": "Asia"
    },
    {
      "code": "ID",
      "name": "Indonesia",
      "currency": "IDR",
      "population": "242968342",
      "capital": "Jakarta",
      "continent": "Asia"
    },
    {
      "code": "IR",
      "name": "Iran",
      "currency": "IRR",
      "population": "76923300",
      "capital": "Tehran",
      "continent": "Asia"
    },
    {
      "code": "IQ",
      "name": "Iraq",
      "currency": "IQD",
      "population": "29671605",
      "capital": "Baghdad",
      "continent": "Asia"
    },
    {
      "code": "IE",
      "name": "Ireland",
      "currency": "EUR",
      "population": "4622917",
      "capital": "Dublin",
      "continent": "Europe"
    },
    {
      "code": "IM",
      "name": "Isle of Man",
      "currency": "GBP",
      "population": "75049",
      "capital": "Douglas",
      "continent": "Europe"
    },
    {
      "code": "IL",
      "name": "Israel",
      "currency": "ILS",
      "population": "7353985",
      "capital": "",
      "continent": "Asia"
    },
    {
      "code": "IT",
      "name": "Italy",
      "currency": "EUR",
      "population": "60340328",
      "capital": "Rome",
      "continent": "Europe"
    },
    {
      "code": "CI",
      "name": "Ivory Coast",
      "currency": "XOF",
      "population": "21058798",
      "capital": "Yamoussoukro",
      "continent": "Africa"
    },
    {
      "code": "JM",
      "name": "Jamaica",
      "currency": "JMD",
      "population": "2847232",
      "capital": "Kingston",
      "continent": "North America"
    },
    {
      "code": "JP",
      "name": "Japan",
      "currency": "JPY",
      "population": "127288000",
      "capital": "Tokyo",
      "continent": "Asia"
    },
    {
      "code": "JE",
      "name": "Jersey",
      "currency": "GBP",
      "population": "90812",
      "capital": "Saint Helier",
      "continent": "Europe"
    },
    {
      "code": "JO",
      "name": "Jordan",
      "currency": "JOD",
      "population": "6407085",
      "capital": "Amman",
      "continent": "Asia"
    },
    {
      "code": "KZ",
      "name": "Kazakhstan",
      "currency": "KZT",
      "population": "15340000",
      "capital": "Astana",
      "continent": "Asia"
    },
    {
      "code": "KE",
      "name": "Kenya",
      "currency": "KES",
      "population": "40046566",
      "capital": "Nairobi",
      "continent": "Africa"
    },
    {
      "code": "KI",
      "name": "Kiribati",
      "currency": "AUD",
      "population": "92533",
      "capital": "Tarawa",
      "continent": "Oceania"
    },
    {
      "code": "XK",
      "name": "Kosovo",
      "currency": "EUR",
      "population": "1800000",
      "capital": "Pristina",
      "continent": "Europe"
    },
    {
      "code": "KW",
      "name": "Kuwait",
      "currency": "KWD",
      "population": "2789132",
      "capital": "Kuwait City",
      "continent": "Asia"
    },
    {
      "code": "KG",
      "name": "Kyrgyzstan",
      "currency": "KGS",
      "population": "5776500",
      "capital": "Bishkek",
      "continent": "Asia"
    },
    {
      "code": "LA",
      "name": "Laos",
      "currency": "LAK",
      "population": "6368162",
      "capital": "Vientiane",
      "continent": "Asia"
    },
    {
      "code": "LV",
      "name": "Latvia",
      "currency": "EUR",
      "population": "2217969",
      "capital": "Riga",
      "continent": "Europe"
    },
    {
      "code": "LB",
      "name": "Lebanon",
      "currency": "LBP",
      "population": "4125247",
      "capital": "Beirut",
      "continent": "Asia"
    },
    {
      "code": "LS",
      "name": "Lesotho",
      "currency": "LSL",
      "population": "1919552",
      "capital": "Maseru",
      "continent": "Africa"
    },
    {
      "code": "LR",
      "name": "Liberia",
      "currency": "LRD",
      "population": "3685076",
      "capital": "Monrovia",
      "continent": "Africa"
    },
    {
      "code": "LY",
      "name": "Libya",
      "currency": "LYD",
      "population": "6461454",
      "capital": "Tripoli",
      "continent": "Africa"
    },
    {
      "code": "LI",
      "name": "Liechtenstein",
      "currency": "CHF",
      "population": "35000",
      "capital": "Vaduz",
      "continent": "Europe"
    },
    {
      "code": "LT",
      "name": "Lithuania",
      "currency": "EUR",
      "population": "2944459",
      "capital": "Vilnius",
      "continent": "Europe"
    },
    {
      "code": "LU",
      "name": "Luxembourg",
      "currency": "EUR",
      "population": "497538",
      "capital": "Luxembourg",
      "continent": "Europe"
    },
    {
      "code": "MO",
      "name": "Macao",
      "currency": "MOP",
      "population": "449198",
      "capital": "Macao",
      "continent": "Asia"
    },
    {
      "code": "MK",
      "name": "Macedonia",
      "currency": "MKD",
      "population": "2062294",
      "capital": "Skopje",
      "continent": "Europe"
    },
    {
      "code": "MG",
      "name": "Madagascar",
      "currency": "MGA",
      "population": "21281844",
      "capital": "Antananarivo",
      "continent": "Africa"
    },
    {
      "code": "MW",
      "name": "Malawi",
      "currency": "MWK",
      "population": "15447500",
      "capital": "Lilongwe",
      "continent": "Africa"
    },
    {
      "code": "MY",
      "name": "Malaysia",
      "currency": "MYR",
      "population": "28274729",
      "capital": "Kuala Lumpur",
      "continent": "Asia"
    },
    {
      "code": "MV",
      "name": "Maldives",
      "currency": "MVR",
      "population": "395650",
      "capital": "Malé",
      "continent": "Asia"
    },
    {
      "code": "ML",
      "name": "Mali",
      "currency": "XOF",
      "population": "13796354",
      "capital": "Bamako",
      "continent": "Africa"
    },
    {
      "code": "MT",
      "name": "Malta",
      "currency": "EUR",
      "population": "403000",
      "capital": "Valletta",
      "continent": "Europe"
    },
    {
      "code": "MH",
      "name": "Marshall Islands",
      "currency": "USD",
      "population": "65859",
      "capital": "Majuro",
      "continent": "Oceania"
    },
    {
      "code": "MQ",
      "name": "Martinique",
      "currency": "EUR",
      "population": "432900",
      "capital": "Fort-de-France",
      "continent": "North America"
    },
    {
      "code": "MR",
      "name": "Mauritania",
      "currency": "MRO",
      "population": "3205060",
      "capital": "Nouakchott",
      "continent": "Africa"
    },
    {
      "code": "MU",
      "name": "Mauritius",
      "currency": "MUR",
      "population": "1294104",
      "capital": "Port Louis",
      "continent": "Africa"
    },
    {
      "code": "YT",
      "name": "Mayotte",
      "currency": "EUR",
      "population": "159042",
      "capital": "Mamoudzou",
      "continent": "Africa"
    },
    {
      "code": "MX",
      "name": "Mexico",
      "currency": "MXN",
      "population": "112468855",
      "capital": "Mexico City",
      "continent": "North America"
    },
    {
      "code": "FM",
      "name": "Micronesia",
      "currency": "USD",
      "population": "107708",
      "capital": "Palikir",
      "continent": "Oceania"
    },
    {
      "code": "MD",
      "name": "Moldova",
      "currency": "MDL",
      "population": "4324000",
      "capital": "Chişinău",
      "continent": "Europe"
    },
    {
      "code": "MC",
      "name": "Monaco",
      "currency": "EUR",
      "population": "32965",
      "capital": "Monaco",
      "continent": "Europe"
    },
    {
      "code": "MN",
      "name": "Mongolia",
      "currency": "MNT",
      "population": "3086918",
      "capital": "Ulan Bator",
      "continent": "Asia"
    },
    {
      "code": "ME",
      "name": "Montenegro",
      "currency": "EUR",
      "population": "666730",
      "capital": "Podgorica",
      "continent": "Europe"
    },
    {
      "code": "MS",
      "name": "Montserrat",
      "currency": "XCD",
      "population": "9341",
      "capital": "Plymouth",
      "continent": "North America"
    },
    {
      "code": "MA",
      "name": "Morocco",
      "currency": "MAD",
      "population": "33848242",
      "capital": "Rabat",
      "continent": "Africa"
    },
    {
      "code": "MZ",
      "name": "Mozambique",
      "currency": "MZN",
      "population": "22061451",
      "capital": "Maputo",
      "continent": "Africa"
    },
    {
      "code": "MM",
      "name": "Myanmar [Burma]",
      "currency": "MMK",
      "population": "53414374",
      "capital": "Naypyitaw",
      "continent": "Asia"
    },
    {
      "code": "NA",
      "name": "Namibia",
      "currency": "NAD",
      "population": "2128471",
      "capital": "Windhoek",
      "continent": "Africa"
    },
    {
      "code": "NR",
      "name": "Nauru",
      "currency": "AUD",
      "population": "10065",
      "capital": "Yaren",
      "continent": "Oceania"
    },
    {
      "code": "NP",
      "name": "Nepal",
      "currency": "NPR",
      "population": "28951852",
      "capital": "Kathmandu",
      "continent": "Asia"
    },
    {
      "code": "NL",
      "name": "Netherlands",
      "currency": "EUR",
      "population": "16645000",
      "capital": "Amsterdam",
      "continent": "Europe"
    },
    {
      "code": "NC",
      "name": "New Caledonia",
      "currency": "XPF",
      "population": "216494",
      "capital": "Noumea",
      "continent": "Oceania"
    },
    {
      "code": "NZ",
      "name": "New Zealand",
      "currency": "NZD",
      "population": "4252277",
      "capital": "Wellington",
      "continent": "Oceania"
    },
    {
      "code": "NI",
      "name": "Nicaragua",
      "currency": "NIO",
      "population": "5995928",
      "capital": "Managua",
      "continent": "North America"
    },
    {
      "code": "NE",
      "name": "Niger",
      "currency": "XOF",
      "population": "15878271",
      "capital": "Niamey",
      "continent": "Africa"
    },
    {
      "code": "NG",
      "name": "Nigeria",
      "currency": "NGN",
      "population": "154000000",
      "capital": "Abuja",
      "continent": "Africa"
    },
    {
      "code": "NU",
      "name": "Niue",
      "currency": "NZD",
      "population": "2166",
      "capital": "Alofi",
      "continent": "Oceania"
    },
    {
      "code": "NF",
      "name": "Norfolk Island",
      "currency": "AUD",
      "population": "1828",
      "capital": "Kingston",
      "continent": "Oceania"
    },
    {
      "code": "KP",
      "name": "North Korea",
      "currency": "KPW",
      "population": "22912177",
      "capital": "Pyongyang",
      "continent": "Asia"
    },
    {
      "code": "MP",
      "name": "Northern Mariana Islands",
      "currency": "USD",
      "population": "53883",
      "capital": "Saipan",
      "continent": "Oceania"
    },
    {
      "code": "NO",
      "name": "Norway",
      "currency": "NOK",
      "population": "5009150",
      "capital": "Oslo",
      "continent": "Europe"
    },
    {
      "code": "OM",
      "name": "Oman",
      "currency": "OMR",
      "population": "2967717",
      "capital": "Muscat",
      "continent": "Asia"
    },
    {
      "code": "PK",
      "name": "Pakistan",
      "currency": "PKR",
      "population": "184404791",
      "capital": "Islamabad",
      "continent": "Asia"
    },
    {
      "code": "PW",
      "name": "Palau",
      "currency": "USD",
      "population": "19907",
      "capital": "Melekeok",
      "continent": "Oceania"
    },
    {
      "code": "PS",
      "name": "Palestine",
      "currency": "ILS",
      "population": "3800000",
      "capital": "",
      "continent": "Asia"
    },
    {
      "code": "PA",
      "name": "Panama",
      "currency": "PAB",
      "population": "3410676",
      "capital": "Panama City",
      "continent": "North America"
    },
    {
      "code": "PG",
      "name": "Papua New Guinea",
      "currency": "PGK",
      "population": "6064515",
      "capital": "Port Moresby",
      "continent": "Oceania"
    },
    {
      "code": "PY",
      "name": "Paraguay",
      "currency": "PYG",
      "population": "6375830",
      "capital": "Asunción",
      "continent": "South America"
    },
    {
      "code": "PE",
      "name": "Peru",
      "currency": "PEN",
      "population": "29907003",
      "capital": "Lima",
      "continent": "South America"
    },
    {
      "code": "PH",
      "name": "Philippines",
      "currency": "PHP",
      "population": "99900177",
      "capital": "Manila",
      "continent": "Asia"
    },
    {
      "code": "PN",
      "name": "Pitcairn Islands",
      "currency": "NZD",
      "population": "46",
      "capital": "Adamstown",
      "continent": "Oceania"
    },
    {
      "code": "PL",
      "name": "Poland",
      "currency": "PLN",
      "population": "38500000",
      "capital": "Warsaw",
      "continent": "Europe"
    },
    {
      "code": "PT",
      "name": "Portugal",
      "currency": "EUR",
      "population": "10676000",
      "capital": "Lisbon",
      "continent": "Europe"
    },
    {
      "code": "PR",
      "name": "Puerto Rico",
      "currency": "USD",
      "population": "3916632",
      "capital": "San Juan",
      "continent": "North America"
    },
    {
      "code": "QA",
      "name": "Qatar",
      "currency": "QAR",
      "population": "840926",
      "capital": "Doha",
      "continent": "Asia"
    },
    {
      "code": "CG",
      "name": "Republic of the Congo",
      "currency": "XAF",
      "population": "3039126",
      "capital": "Brazzaville",
      "continent": "Africa"
    },
    {
      "code": "RO",
      "name": "Romania",
      "currency": "RON",
      "population": "21959278",
      "capital": "Bucharest",
      "continent": "Europe"
    },
    {
      "code": "RU",
      "name": "Russia",
      "currency": "RUB",
      "population": "140702000",
      "capital": "Moscow",
      "continent": "Europe"
    },
    {
      "code": "RW",
      "name": "Rwanda",
      "currency": "RWF",
      "population": "11055976",
      "capital": "Kigali",
      "continent": "Africa"
    },
    {
      "code": "RE",
      "name": "Réunion",
      "currency": "EUR",
      "population": "776948",
      "capital": "Saint-Denis",
      "continent": "Africa"
    },
    {
      "code": "BL",
      "name": "Saint Barthélemy",
      "currency": "EUR",
      "population": "8450",
      "capital": "Gustavia",
      "continent": "North America"
    },
    {
      "code": "SH",
      "name": "Saint Helena",
      "currency": "SHP",
      "population": "7460",
      "capital": "Jamestown",
      "continent": "Africa"
    },
    {
      "code": "KN",
      "name": "Saint Kitts and Nevis",
      "currency": "XCD",
      "population": "51134",
      "capital": "Basseterre",
      "continent": "North America"
    },
    {
      "code": "LC",
      "name": "Saint Lucia",
      "currency": "XCD",
      "population": "160922",
      "capital": "Castries",
      "continent": "North America"
    },
    {
      "code": "MF",
      "name": "Saint Martin",
      "currency": "EUR",
      "population": "35925",
      "capital": "Marigot",
      "continent": "North America"
    },
    {
      "code": "PM",
      "name": "Saint Pierre and Miquelon",
      "currency": "EUR",
      "population": "7012",
      "capital": "Saint-Pierre",
      "continent": "North America"
    },
    {
      "code": "VC",
      "name": "Saint Vincent and the Grenadines",
      "currency": "XCD",
      "population": "104217",
      "capital": "Kingstown",
      "continent": "North America"
    },
    {
      "code": "WS",
      "name": "Samoa",
      "currency": "WST",
      "population": "192001",
      "capital": "Apia",
      "continent": "Oceania"
    },
    {
      "code": "SM",
      "name": "San Marino",
      "currency": "EUR",
      "population": "31477",
      "capital": "San Marino",
      "continent": "Europe"
    },
    {
      "code": "SA",
      "name": "Saudi Arabia",
      "currency": "SAR",
      "population": "25731776",
      "capital": "Riyadh",
      "continent": "Asia"
    },
    {
      "code": "SN",
      "name": "Senegal",
      "currency": "XOF",
      "population": "12323252",
      "capital": "Dakar",
      "continent": "Africa"
    },
    {
      "code": "RS",
      "name": "Serbia",
      "currency": "RSD",
      "population": "7344847",
      "capital": "Belgrade",
      "continent": "Europe"
    },
    {
      "code": "SC",
      "name": "Seychelles",
      "currency": "SCR",
      "population": "88340",
      "capital": "Victoria",
      "continent": "Africa"
    },
    {
      "code": "SL",
      "name": "Sierra Leone",
      "currency": "SLL",
      "population": "5245695",
      "capital": "Freetown",
      "continent": "Africa"
    },
    {
      "code": "SG",
      "name": "Singapore",
      "currency": "SGD",
      "population": "4701069",
      "capital": "Singapore",
      "continent": "Asia"
    },
    {
      "code": "SX",
      "name": "Sint Maarten",
      "currency": "ANG",
      "population": "37429",
      "capital": "Philipsburg",
      "continent": "North America"
    },
    {
      "code": "SK",
      "name": "Slovakia",
      "currency": "EUR",
      "population": "5455000",
      "capital": "Bratislava",
      "continent": "Europe"
    },
    {
      "code": "SI",
      "name": "Slovenia",
      "currency": "EUR",
      "population": "2007000",
      "capital": "Ljubljana",
      "continent": "Europe"
    },
    {
      "code": "SB",
      "name": "Solomon Islands",
      "currency": "SBD",
      "population": "559198",
      "capital": "Honiara",
      "continent": "Oceania"
    },
    {
      "code": "SO",
      "name": "Somalia",
      "currency": "SOS",
      "population": "10112453",
      "capital": "Mogadishu",
      "continent": "Africa"
    },
    {
      "code": "ZA",
      "name": "South Africa",
      "currency": "ZAR",
      "population": "49000000",
      "capital": "Pretoria",
      "continent": "Africa"
    },
    {
      "code": "GS",
      "name": "South Georgia and the South Sandwich Islands",
      "currency": "GBP",
      "population": "30",
      "capital": "Grytviken",
      "continent": "Antarctica"
    },
    {
      "code": "KR",
      "name": "South Korea",
      "currency": "KRW",
      "population": "48422644",
      "capital": "Seoul",
      "continent": "Asia"
    },
    {
      "code": "SS",
      "name": "South Sudan",
      "currency": "SSP",
      "population": "8260490",
      "capital": "Juba",
      "continent": "Africa"
    },
    {
      "code": "ES",
      "name": "Spain",
      "currency": "EUR",
      "population": "46505963",
      "capital": "Madrid",
      "continent": "Europe"
    },
    {
      "code": "LK",
      "name": "Sri Lanka",
      "currency": "LKR",
      "population": "21513990",
      "capital": "Colombo",
      "continent": "Asia"
    },
    {
      "code": "SD",
      "name": "Sudan",
      "currency": "SDG",
      "population": "35000000",
      "capital": "Khartoum",
      "continent": "Africa"
    },
    {
      "code": "SR",
      "name": "Suriname",
      "currency": "SRD",
      "population": "492829",
      "capital": "Paramaribo",
      "continent": "South America"
    },
    {
      "code": "SJ",
      "name": "Svalbard and Jan Mayen",
      "currency": "NOK",
      "population": "2550",
      "capital": "Longyearbyen",
      "continent": "Europe"
    },
    {
      "code": "SZ",
      "name": "Swaziland",
      "currency": "SZL",
      "population": "1354051",
      "capital": "Mbabane",
      "continent": "Africa"
    },
    {
      "code": "SE",
      "name": "Sweden",
      "currency": "SEK",
      "population": "9828655",
      "capital": "Stockholm",
      "continent": "Europe"
    },
    {
      "code": "CH",
      "name": "Switzerland",
      "currency": "CHF",
      "population": "7581000",
      "capital": "Bern",
      "continent": "Europe"
    },
    {
      "code": "SY",
      "name": "Syria",
      "currency": "SYP",
      "population": "22198110",
      "capital": "Damascus",
      "continent": "Asia"
    },
    {
      "code": "ST",
      "name": "São Tomé and Príncipe",
      "currency": "STD",
      "population": "175808",
      "capital": "São Tomé",
      "continent": "Africa"
    },
    {
      "code": "TW",
      "name": "Taiwan",
      "currency": "TWD",
      "population": "22894384",
      "capital": "Taipei",
      "continent": "Asia"
    },
    {
      "code": "TJ",
      "name": "Tajikistan",
      "currency": "TJS",
      "population": "7487489",
      "capital": "Dushanbe",
      "continent": "Asia"
    },
    {
      "code": "TZ",
      "name": "Tanzania",
      "currency": "TZS",
      "population": "41892895",
      "capital": "Dodoma",
      "continent": "Africa"
    },
    {
      "code": "TH",
      "name": "Thailand",
      "currency": "THB",
      "population": "67089500",
      "capital": "Bangkok",
      "continent": "Asia"
    },
    {
      "code": "TG",
      "name": "Togo",
      "currency": "XOF",
      "population": "6587239",
      "capital": "Lomé",
      "continent": "Africa"
    },
    {
      "code": "TK",
      "name": "Tokelau",
      "currency": "NZD",
      "population": "1466",
      "capital": "",
      "continent": "Oceania"
    },
    {
      "code": "TO",
      "name": "Tonga",
      "currency": "TOP",
      "population": "122580",
      "capital": "Nuku'alofa",
      "continent": "Oceania"
    },
    {
      "code": "TT",
      "name": "Trinidad and Tobago",
      "currency": "TTD",
      "population": "1228691",
      "capital": "Port of Spain",
      "continent": "North America"
    },
    {
      "code": "TN",
      "name": "Tunisia",
      "currency": "TND",
      "population": "10589025",
      "capital": "Tunis",
      "continent": "Africa"
    },
    {
      "code": "TR",
      "name": "Turkey",
      "currency": "TRY",
      "population": "77804122",
      "capital": "Ankara",
      "continent": "Asia"
    },
    {
      "code": "TM",
      "name": "Turkmenistan",
      "currency": "TMT",
      "population": "4940916",
      "capital": "Ashgabat",
      "continent": "Asia"
    },
    {
      "code": "TC",
      "name": "Turks and Caicos Islands",
      "currency": "USD",
      "population": "20556",
      "capital": "Cockburn Town",
      "continent": "North America"
    },
    {
      "code": "TV",
      "name": "Tuvalu",
      "currency": "AUD",
      "population": "10472",
      "capital": "Funafuti",
      "continent": "Oceania"
    },
    {
      "code": "UM",
      "name": "U.S. Minor Outlying Islands",
      "currency": "USD",
      "population": "0",
      "capital": "",
      "continent": "Oceania"
    },
    {
      "code": "VI",
      "name": "U.S. Virgin Islands",
      "currency": "USD",
      "population": "108708",
      "capital": "Charlotte Amalie",
      "continent": "North America"
    },
    {
      "code": "UG",
      "name": "Uganda",
      "currency": "UGX",
      "population": "33398682",
      "capital": "Kampala",
      "continent": "Africa"
    },
    {
      "code": "UA",
      "name": "Ukraine",
      "currency": "UAH",
      "population": "45415596",
      "capital": "Kiev",
      "continent": "Europe"
    },
    {
      "code": "AE",
      "name": "United Arab Emirates",
      "currency": "AED",
      "population": "4975593",
      "capital": "Abu Dhabi",
      "continent": "Asia"
    },
    {
      "code": "GB",
      "name": "United Kingdom",
      "currency": "GBP",
      "population": "62348447",
      "capital": "London",
      "continent": "Europe"
    },
    {
      "code": "US",
      "name": "United States",
      "currency": "USD",
      "population": "310232863",
      "capital": "Washington",
      "continent": "North America"
    },
    {
      "code": "UY",
      "name": "Uruguay",
      "currency": "UYU",
      "population": "3477000",
      "capital": "Montevideo",
      "continent": "South America"
    },
    {
      "code": "UZ",
      "name": "Uzbekistan",
      "currency": "UZS",
      "population": "27865738",
      "capital": "Tashkent",
      "continent": "Asia"
    },
    {
      "code": "VU",
      "name": "Vanuatu",
      "currency": "VUV",
      "population": "221552",
      "capital": "Port Vila",
      "continent": "Oceania"
    },
    {
      "code": "VA",
      "name": "Vatican City",
      "currency": "EUR",
      "population": "921",
      "capital": "Vatican City",
      "continent": "Europe"
    },
    {
      "code": "VE",
      "name": "Venezuela",
      "currency": "VEF",
      "population": "27223228",
      "capital": "Caracas",
      "continent": "South America"
    },
    {
      "code": "VN",
      "name": "Vietnam",
      "currency": "VND",
      "population": "89571130",
      "capital": "Hanoi",
      "continent": "Asia"
    },
    {
      "code": "WF",
      "name": "Wallis and Futuna",
      "currency": "XPF",
      "population": "16025",
      "capital": "Mata-Utu",
      "continent": "Oceania"
    },
    {
      "code": "EH",
      "name": "Western Sahara",
      "currency": "MAD",
      "population": "273008",
      "capital": "Laâyoune / El Aaiún",
      "continent": "Africa"
    },
    {
      "code": "YE",
      "name": "Yemen",
      "currency": "YER",
      "population": "23495361",
      "capital": "Sanaa",
      "continent": "Asia"
    },
    {
      "code": "ZM",
      "name": "Zambia",
      "currency": "ZMW",
      "population": "13460305",
      "capital": "Lusaka",
      "continent": "Africa"
    },
    {
      "code": "ZW",
      "name": "Zimbabwe",
      "currency": "ZWL",
      "population": "13061000",
      "capital": "Harare",
      "continent": "Africa"
    }
  ]
}